Ligando,Pose,Affinity,CNNscore,CNNaffinity
ligando_001,1,-7.05,0.1051,5.14
ligando_001,2,-9.05,0.0929,5.204
ligando_001,3,-8.13,0.0916,5.009
ligando_001,4,-7.45,0.085,4.95
ligando_001,5,-7.72,0.0784,4.947
ligando_001,6,-6.89,0.0693,5.495
ligando_001,7,-4.41,0.0686,5.467
ligando_001,8,-5.75,0.0646,5.015
ligando_001,9,-7.39,0.0627,4.756
ligando_001,10,-7.93,0.0624,4.92
ligando_002,1,-9.08,0.7252,6.209
ligando_002,2,-8.62,0.5567,6.115
ligando_002,3,-9.06,0.5511,6.384
ligando_002,4,-8.43,0.4148,5.79
ligando_002,5,-8.39,0.2236,4.998
ligando_002,6,-9.68,0.1509,5.639
ligando_002,7,-9.02,0.1442,5.297
ligando_002,8,-9.97,0.1378,5.141
ligando_002,9,-8.15,0.113,5.768
ligando_002,10,-7.87,0.1024,4.428
ligando_003,1,-8.84,0.5811,7.078
ligando_003,2,-8.42,0.2839,6.536
ligando_003,3,-7.9,0.283,6.671
ligando_003,4,-7.97,0.1802,6.581
ligando_003,5,-9.35,0.1752,6.446
ligando_003,6,-9.32,0.1498,6.248
ligando_003,7,-9.61,0.0786,5.739
ligando_003,8,-9.21,0.0767,5.659
ligando_003,9,-8.9,0.0694,6.151
ligando_003,10,-9.66,0.0638,5.332
ligando_004,1,-6.81,0.5563,5.557
ligando_004,2,-7.35,0.3525,4.81
ligando_004,3,-7.9,0.3523,5.356
ligando_004,4,-7.7,0.2878,5.508
ligando_004,5,-6.8,0.284,5.109
ligando_004,6,-7.31,0.2303,4.426
ligando_004,7,-7.88,0.2072,5.045
ligando_004,8,-7.92,0.1913,4.568
ligando_004,9,-6.93,0.1696,4.87
ligando_004,10,-7.23,0.167,4.767
ligando_005,1,-6.89,0.5596,5.899
ligando_005,2,-7.55,0.5397,5.118
ligando_005,3,-6.75,0.4494,4.623
ligando_005,4,-6.87,0.3454,5.193
ligando_005,5,-6.43,0.3438,4.848
ligando_005,6,-7.08,0.3263,4.759
ligando_005,7,-7.15,0.2915,4.777
ligando_005,8,-7.28,0.2811,4.773
ligando_005,9,-6.65,0.257,4.754
ligando_005,10,-8.21,0.2324,4.783
ligando_006,1,-8.55,0.5231,6.864
ligando_006,2,-8.63,0.3785,6.637
ligando_006,3,-8.07,0.318,6.214
ligando_006,4,-10.23,0.2974,6.231
ligando_006,5,-9.74,0.2052,6.225
ligando_006,6,-9.27,0.1948,6.161
ligando_006,7,-9.67,0.1507,6.182
ligando_006,8,-9.58,0.1322,5.531
ligando_006,9,-8.17,0.1137,6.136
ligando_006,10,-8.95,0.1111,5.876
ligando_007,1,-9.59,0.7384,7.274
ligando_007,2,-8.0,0.4646,6.648
ligando_007,3,-9.48,0.367,6.571
ligando_007,4,-9.37,0.328,6.268
ligando_007,5,-9.28,0.2305,6.121
ligando_007,6,-8.56,0.1316,6.273
ligando_007,7,-8.51,0.1215,5.893
ligando_007,8,-8.72,0.1038,5.54
ligando_007,9,-9.46,0.099,5.509
ligando_007,10,-8.71,0.0931,5.301
ligando_008,1,-8.13,0.6701,6.031
ligando_008,2,-8.1,0.5082,6.0
ligando_008,3,-8.01,0.4516,5.331
ligando_008,4,-6.85,0.2934,4.63
ligando_008,5,-7.24,0.2829,5.756
ligando_008,6,-8.07,0.2558,5.276
ligando_008,7,-8.27,0.2322,4.944
ligando_008,8,-7.28,0.2048,5.389
ligando_008,9,-7.14,0.1626,4.804
ligando_008,10,-7.99,0.1563,4.896
ligando_009,1,2.65,0.2006,6.103
ligando_009,2,-8.5,0.1731,6.383
ligando_009,3,-5.07,0.1589,5.648
ligando_009,4,16.12,0.1567,5.164
ligando_009,5,54.94,0.1498,4.743
ligando_009,6,-8.19,0.1421,6.009
ligando_009,7,-8.05,0.1259,5.613
ligando_009,8,2.75,0.1252,5.577
ligando_009,9,-7.77,0.12,5.241
ligando_009,10,142.16,0.1087,4.149
ligando_010,1,-9.55,0.1841,6.075
ligando_010,2,-8.53,0.1752,6.173
ligando_010,3,-8.65,0.1694,6.056
ligando_010,4,-9.43,0.1556,6.287
ligando_010,5,-10.76,0.1218,5.705
ligando_010,6,-10.56,0.1166,5.672
ligando_010,7,-10.45,0.1033,4.62
ligando_010,8,-9.96,0.1021,5.579
ligando_010,9,-9.43,0.0966,5.273
ligando_010,10,-9.75,0.0883,5.37
ligando_011,1,-8.64,0.4991,6.081
ligando_011,2,-0.6,0.495,4.975
ligando_011,3,-9.4,0.2711,5.659
ligando_011,4,-0.73,0.254,4.77
ligando_011,5,-8.67,0.2237,5.729
ligando_011,6,-7.69,0.2216,5.276
ligando_011,7,-7.05,0.2079,5.787
ligando_011,8,-9.43,0.1926,5.584
ligando_011,9,-7.54,0.1463,4.852
ligando_011,10,-6.75,0.1214,5.437
ligando_012,1,-4.17,0.2217,5.06
ligando_012,2,-4.04,0.2158,4.834
ligando_012,3,-1.9,0.1577,4.913
ligando_012,4,-8.73,0.1299,5.475
ligando_012,5,-7.33,0.1168,5.197
ligando_012,6,-8.68,0.1099,4.764
ligando_012,7,-7.78,0.1088,4.892
ligando_012,8,-8.44,0.0981,5.39
ligando_012,9,-7.72,0.0919,4.351
ligando_012,10,-6.07,0.0877,4.742
ligando_013,1,-8.27,0.2906,6.29
ligando_013,2,-8.75,0.2607,6.081
ligando_013,3,-8.76,0.2367,5.724
ligando_013,4,-8.68,0.2354,5.402
ligando_013,5,-9.3,0.134,5.184
ligando_013,6,-9.63,0.1048,4.805
ligando_013,7,-7.76,0.0709,5.236
ligando_013,8,-8.89,0.069,4.672
ligando_013,9,-8.77,0.0641,5.421
ligando_013,10,-7.9,0.0627,5.554
ligando_014,1,-10.08,0.2118,5.803
ligando_014,2,-6.76,0.1693,5.797
ligando_014,3,-10.18,0.1193,5.953
ligando_014,4,-11.51,0.1183,6.253
ligando_014,5,-10.28,0.1013,6.012
ligando_014,6,-6.8,0.099,5.083
ligando_014,7,-7.1,0.0899,5.693
ligando_014,8,-4.64,0.0813,5.476
ligando_014,9,-7.39,0.0808,5.442
ligando_014,10,-6.33,0.0782,5.487
ligando_015,1,-7.23,0.3315,5.324
ligando_015,2,-7.3,0.3115,5.539
ligando_015,3,-7.7,0.2663,5.208
ligando_015,4,-7.95,0.2174,5.716
ligando_015,5,-8.52,0.1435,4.865
ligando_015,6,-6.65,0.1332,4.801
ligando_015,7,-8.41,0.1131,4.314
ligando_015,8,-5.93,0.1086,4.655
ligando_015,9,-8.28,0.1063,5.023
ligando_015,10,-8.41,0.0926,4.786
ligando_016,1,-10.77,0.244,5.995
ligando_016,2,-9.71,0.1889,5.706
ligando_016,3,-7.51,0.185,6.162
ligando_016,4,-9.92,0.1847,5.946
ligando_016,5,-8.65,0.1642,6.526
ligando_016,6,-9.52,0.1539,5.899
ligando_016,7,-9.99,0.1481,6.187
ligando_016,8,-11.07,0.1434,5.624
ligando_016,9,-10.01,0.1215,5.64
ligando_016,10,-9.36,0.1113,6.306
ligando_017,1,-10.22,0.1437,4.923
ligando_017,2,-10.29,0.1296,5.145
ligando_017,3,-8.83,0.119,5.522
ligando_017,4,-7.22,0.1138,5.45
ligando_017,5,-6.92,0.1045,5.683
ligando_017,6,-6.98,0.1029,5.883
ligando_017,7,-7.79,0.098,4.915
ligando_017,8,-7.64,0.0604,5.713
ligando_017,9,-9.45,0.0601,4.884
ligando_017,10,-8.49,0.0529,5.116
ligando_018,1,-8.07,0.6969,6.382
ligando_018,2,-7.6,0.5827,6.13
ligando_018,3,-8.13,0.2795,5.816
ligando_018,4,-8.44,0.2635,5.518
ligando_018,5,-9.22,0.1814,4.776
ligando_018,6,-9.33,0.1467,4.816
ligando_018,7,-7.81,0.0915,5.32
ligando_018,8,-7.69,0.0915,5.118
ligando_018,9,-8.05,0.083,4.868
ligando_018,10,-8.03,0.0778,4.95
ligando_019,1,-8.0,0.2737,5.152
ligando_019,2,-8.1,0.1741,4.64
ligando_019,3,-7.74,0.1529,5.054
ligando_019,4,-7.59,0.1235,5.213
ligando_019,5,-7.69,0.1182,5.121
ligando_019,6,-7.49,0.0969,4.53
ligando_019,7,-7.67,0.0774,5.301
ligando_019,8,-9.08,0.0655,4.892
ligando_019,9,-7.42,0.0607,5.049
ligando_019,10,-8.55,0.0497,4.875
ligando_020,1,-8.08,0.5955,6.217
ligando_020,2,-8.51,0.5938,6.288
ligando_020,3,-7.99,0.5184,6.071
ligando_020,4,-7.39,0.515,5.444
ligando_020,5,-7.36,0.3516,6.204
ligando_020,6,-8.09,0.3144,5.752
ligando_020,7,-7.01,0.2673,5.617
ligando_020,8,-8.7,0.2051,5.248
ligando_020,9,-8.61,0.1856,4.827
ligando_020,10,-7.66,0.1774,5.719
ligando_021,1,-8.93,0.472,6.673
ligando_021,2,-9.56,0.199,6.277
ligando_021,3,-9.32,0.1842,6.185
ligando_021,4,-10.54,0.1558,6.261
ligando_021,5,-10.32,0.1118,5.658
ligando_021,6,-7.53,0.0752,4.97
ligando_021,7,-8.74,0.0685,5.042
ligando_021,8,-9.64,0.0648,5.499
ligando_021,9,-8.67,0.062,5.085
ligando_021,10,-8.42,0.0566,4.962
ligando_022,1,20.48,0.2626,5.866
ligando_022,2,-0.75,0.1219,5.446
ligando_022,3,-9.75,0.1143,5.998
ligando_022,4,-7.82,0.0987,6.318
ligando_022,5,-7.8,0.0879,6.273
ligando_022,6,3.56,0.0866,5.649
ligando_022,7,-4.34,0.085,4.964
ligando_022,8,-0.54,0.082,4.792
ligando_022,9,-4.84,0.0788,5.057
ligando_022,10,-7.41,0.0769,6.049
ligando_023,1,-6.82,0.8361,5.246
ligando_023,2,-7.6,0.7204,5.191
ligando_023,3,-7.03,0.659,5.412
ligando_023,4,-7.36,0.5486,4.987
ligando_023,5,-6.74,0.4683,4.736
ligando_023,6,-7.21,0.4145,4.442
ligando_023,7,-6.62,0.255,4.269
ligando_023,8,-8.16,0.2546,5.164
ligando_023,9,-6.56,0.2213,4.448
ligando_023,10,-7.01,0.1802,4.279
ligando_024,1,-7.54,0.2605,5.743
ligando_024,2,-7.79,0.196,5.796
ligando_024,3,-8.29,0.1782,6.047
ligando_024,4,-3.69,0.1673,6.026
ligando_024,5,-6.28,0.1509,5.6
ligando_024,6,-7.59,0.1435,5.79
ligando_024,7,-7.47,0.1247,5.717
ligando_024,8,-6.79,0.1035,5.632
ligando_024,9,-7.86,0.1033,5.23
ligando_024,10,-8.63,0.1001,5.633
ligando_025,1,-10.26,0.1826,5.562
ligando_025,2,-11.09,0.1724,5.025
ligando_025,3,-9.49,0.1642,6.019
ligando_025,4,-10.76,0.158,5.352
ligando_025,5,-10.14,0.1532,5.373
ligando_025,6,-9.49,0.1417,5.3
ligando_025,7,-9.39,0.1337,4.993
ligando_025,8,-9.16,0.1237,5.31
ligando_025,9,-8.82,0.1177,5.938
ligando_025,10,-8.92,0.1021,5.241
ligando_026,1,-10.32,0.2477,6.738
ligando_026,2,-9.73,0.2116,6.673
ligando_026,3,-10.09,0.1947,6.283
ligando_026,4,-10.33,0.1583,6.438
ligando_026,5,-9.45,0.1044,6.141
ligando_026,6,-9.43,0.066,5.896
ligando_026,7,-6.96,0.0499,5.231
ligando_026,8,-8.53,0.0496,5.428
ligando_026,9,-7.49,0.0469,5.676
ligando_026,10,-8.92,0.0364,5.553
ligando_027,1,-4.12,0.2687,6.537
ligando_027,2,-5.64,0.2548,4.816
ligando_027,3,-3.04,0.2016,5.37
ligando_027,4,-3.68,0.1274,4.963
ligando_027,5,-3.75,0.1047,5.537
ligando_027,6,-7.54,0.0854,4.403
ligando_027,7,-11.66,0.0757,5.001
ligando_027,8,-10.1,0.0719,5.767
ligando_027,9,-8.33,0.062,5.335
ligando_027,10,-8.64,0.059,5.519
ligando_028,1,-5.96,0.1768,6.543
ligando_028,2,-6.95,0.1669,6.585
ligando_028,3,-9.17,0.1397,6.537
ligando_028,4,-9.68,0.1282,6.423
ligando_028,5,-7.46,0.1082,6.591
ligando_028,6,-6.87,0.0885,6.272
ligando_028,7,-9.54,0.0786,5.943
ligando_028,8,-5.72,0.0757,5.899
ligando_028,9,-6.59,0.0668,6.228
ligando_028,10,-7.98,0.0658,5.991
ligando_029,1,-9.81,0.2423,6.301
ligando_029,2,-10.16,0.1827,6.033
ligando_029,3,-7.47,0.1503,5.455
ligando_029,4,-9.49,0.083,5.533
ligando_029,5,-8.34,0.0787,5.078
ligando_029,6,-9.69,0.0766,5.158
ligando_029,7,-9.12,0.076,5.512
ligando_029,8,-9.25,0.0734,5.197
ligando_029,9,-8.24,0.0733,5.239
ligando_029,10,-8.93,0.064,5.742
ligando_030,1,-8.63,0.5346,5.716
ligando_030,2,-8.55,0.3818,5.272
ligando_030,3,-8.04,0.3255,5.258
ligando_030,4,-8.86,0.2636,4.161
ligando_030,5,-7.89,0.247,4.846
ligando_030,6,-8.17,0.1908,5.13
ligando_030,7,-7.83,0.1891,4.893
ligando_030,8,-7.2,0.188,5.157
ligando_030,9,-7.77,0.173,4.741
ligando_030,10,-6.99,0.1723,5.051
ligando_031,1,-7.31,0.2651,5.866
ligando_031,2,-7.76,0.2559,5.682
ligando_031,3,-6.69,0.1917,5.553
ligando_031,4,-8.13,0.1767,4.544
ligando_031,5,-6.65,0.1357,4.778
ligando_031,6,-7.98,0.1299,5.149
ligando_031,7,-6.2,0.1272,4.911
ligando_031,8,-7.09,0.1256,4.873
ligando_031,9,-6.51,0.1172,5.273
ligando_031,10,-6.9,0.1118,5.604
ligando_032,1,-2.35,0.2766,5.671
ligando_032,2,24.38,0.1196,6.023
ligando_032,3,-7.75,0.1061,6.07
ligando_032,4,-10.07,0.0989,5.594
ligando_032,5,-10.13,0.0959,5.719
ligando_032,6,0.4,0.0915,5.433
ligando_032,7,-9.86,0.0821,5.508
ligando_032,8,-7.75,0.0749,6.089
ligando_032,9,-6.33,0.0732,4.532
ligando_032,10,-8.2,0.0692,5.598
ligando_033,1,-8.3,0.2284,6.658
ligando_033,2,-10.08,0.161,5.452
ligando_033,3,-6.76,0.1331,5.563
ligando_033,4,-8.42,0.1163,5.326
ligando_033,5,-9.69,0.1045,5.518
ligando_033,6,-7.52,0.0784,5.319
ligando_033,7,-9.79,0.0769,5.937
ligando_033,8,-10.42,0.0728,5.859
ligando_033,9,-10.77,0.0715,5.96
ligando_033,10,-10.41,0.0616,5.475
ligando_034,1,-8.45,0.3589,5.203
ligando_034,2,-8.96,0.3488,5.297
ligando_034,3,-8.38,0.3122,5.3
ligando_034,4,-8.34,0.2667,5.402
ligando_034,5,-8.72,0.2391,5.406
ligando_034,6,-7.42,0.211,4.679
ligando_034,7,-8.55,0.2072,4.91
ligando_034,8,-8.16,0.1962,4.694
ligando_034,9,-8.47,0.196,4.756
ligando_034,10,-7.36,0.1777,4.918
ligando_035,1,-11.99,0.7568,7.164
ligando_035,2,-11.91,0.7163,7.158
ligando_035,3,-6.41,0.6532,5.816
ligando_035,4,-10.79,0.6478,7.169
ligando_035,5,-11.92,0.6166,6.987
ligando_035,6,-10.01,0.4981,6.62
ligando_035,7,-9.79,0.4553,6.496
ligando_035,8,2.64,0.3775,6.022
ligando_035,9,-1.61,0.3476,6.14
ligando_035,10,-11.49,0.3451,6.588
ligando_036,1,-9.31,0.4604,6.424
ligando_036,2,-9.83,0.291,6.038
ligando_036,3,-7.43,0.2858,5.666
ligando_036,4,-9.62,0.2847,5.853
ligando_036,5,-8.63,0.2803,6.091
ligando_036,6,-7.59,0.2684,5.7
ligando_036,7,-9.29,0.2267,5.949
ligando_036,8,-8.46,0.1793,5.784
ligando_036,9,-9.05,0.1548,5.555
ligando_036,10,-9.19,0.1435,5.716
ligando_037,1,-9.29,0.265,5.366
ligando_037,2,-8.98,0.1853,5.265
ligando_037,3,-8.62,0.1653,5.325
ligando_037,4,-8.44,0.1632,5.401
ligando_037,5,-8.95,0.1592,5.389
ligando_037,6,-8.48,0.1171,5.552
ligando_037,7,-8.47,0.0997,5.09
ligando_037,8,-8.26,0.0883,4.858
ligando_037,9,-8.78,0.0777,5.116
ligando_037,10,-9.02,0.0747,4.802
ligando_038,1,-9.05,0.7203,6.513
ligando_038,2,-8.87,0.2654,5.934
ligando_038,3,-8.01,0.2507,6.11
ligando_038,4,-8.71,0.1842,5.951
ligando_038,5,-8.53,0.1836,6.186
ligando_038,6,-10.15,0.1353,5.546
ligando_038,7,-8.14,0.129,6.186
ligando_038,8,-9.38,0.1246,5.85
ligando_038,9,-8.71,0.122,5.705
ligando_038,10,-7.64,0.1186,5.454
ligando_039,1,-8.71,0.206,5.503
ligando_039,2,-7.99,0.1731,5.804
ligando_039,3,-8.46,0.1715,5.906
ligando_039,4,-9.73,0.1684,5.194
ligando_039,5,-9.43,0.1525,5.02
ligando_039,6,-8.27,0.1507,5.844
ligando_039,7,-9.37,0.1155,5.484
ligando_039,8,-7.02,0.0955,5.009
ligando_039,9,-8.1,0.0858,5.281
ligando_039,10,-8.73,0.0775,4.788
ligando_040,1,-9.91,0.1762,6.42
ligando_040,2,-10.69,0.1456,6.376
ligando_040,3,-9.98,0.1235,6.477
ligando_040,4,-6.75,0.0916,5.435
ligando_040,5,-9.49,0.0814,4.991
ligando_040,6,-9.6,0.071,5.917
ligando_040,7,-10.51,0.0704,5.611
ligando_040,8,-11.14,0.0647,5.696
ligando_040,9,-9.43,0.053,5.501
ligando_040,10,-5.26,0.0527,5.316
ligando_041,1,-9.0,0.2883,6.646
ligando_041,2,-8.46,0.2387,6.531
ligando_041,3,-6.62,0.2347,5.801
ligando_041,4,-0.41,0.1903,5.6
ligando_041,5,-6.38,0.1765,6.175
ligando_041,6,-6.99,0.175,6.666
ligando_041,7,-6.78,0.1537,5.981
ligando_041,8,-8.15,0.1433,6.634
ligando_041,9,-6.38,0.1184,5.877
ligando_041,10,-5.82,0.1127,5.315
ligando_042,1,-7.11,0.5552,5.288
ligando_042,2,-6.69,0.3639,4.86
ligando_042,3,-5.98,0.3189,5.16
ligando_042,4,-6.15,0.2422,4.465
ligando_042,5,-6.99,0.1989,4.691
ligando_042,6,-6.12,0.1629,4.614
ligando_042,7,-6.37,0.1263,3.92
ligando_042,8,-6.36,0.1034,4.43
ligando_042,9,-6.93,0.1014,4.12
ligando_042,10,-5.87,0.093,4.091
ligando_043,1,-6.85,0.3009,5.298
ligando_043,2,-9.31,0.1779,5.341
ligando_043,3,-9.39,0.1646,4.753
ligando_043,4,-7.99,0.1304,5.468
ligando_043,5,-9.16,0.1159,4.533
ligando_043,6,-6.77,0.1138,5.019
ligando_043,7,-9.33,0.0906,4.714
ligando_043,8,-8.51,0.0861,5.08
ligando_043,9,-8.63,0.0837,4.97
ligando_043,10,-8.78,0.0796,4.523
ligando_044,1,-8.66,0.8003,6.885
ligando_044,2,-8.94,0.7304,6.748
ligando_044,3,-8.1,0.6037,6.827
ligando_044,4,-8.25,0.5828,6.915
ligando_044,5,-9.62,0.5504,6.335
ligando_044,6,-9.35,0.5327,6.503
ligando_044,7,-9.51,0.5256,6.616
ligando_044,8,-9.35,0.4791,6.639
ligando_044,9,-8.25,0.2836,6.012
ligando_044,10,-8.82,0.2639,6.482
ligando_045,1,-8.82,0.2356,6.003
ligando_045,2,-8.64,0.1366,5.522
ligando_045,3,-9.0,0.1334,5.893
ligando_045,4,-8.68,0.133,6.22
ligando_045,5,-9.57,0.1201,5.071
ligando_045,6,-8.85,0.1082,5.645
ligando_045,7,-8.0,0.0978,5.419
ligando_045,8,-8.03,0.0957,5.731
ligando_045,9,-8.22,0.0897,5.762
ligando_045,10,-8.06,0.0847,5.113
ligando_046,1,-8.47,0.2319,5.899
ligando_046,2,-8.01,0.188,5.552
ligando_046,3,-8.04,0.1372,5.406
ligando_046,4,-6.95,0.1091,4.912
ligando_046,5,-8.63,0.1066,5.47
ligando_046,6,-7.13,0.1006,4.879
ligando_046,7,-8.54,0.1004,5.074
ligando_046,8,-8.11,0.099,4.95
ligando_046,9,-7.96,0.0949,5.016
ligando_046,10,-7.61,0.091,5.39
ligando_047,1,-8.83,0.4771,6.413
ligando_047,2,-3.48,0.4537,6.595
ligando_047,3,-5.5,0.3672,5.148
ligando_047,4,5.25,0.2658,5.29
ligando_047,5,3.34,0.2014,5.483
ligando_047,6,-6.33,0.191,4.77
ligando_047,7,16.21,0.1777,5.363
ligando_047,8,-7.84,0.1336,5.946
ligando_047,9,24.54,0.0998,4.88
ligando_047,10,-3.15,0.0923,5.283
ligando_048,1,-7.7,0.5129,7.418
ligando_048,2,-10.25,0.2167,6.982
ligando_048,3,-9.72,0.1057,6.689
ligando_048,4,-8.07,0.0984,6.517
ligando_048,5,-10.34,0.0822,5.51
ligando_048,6,-7.04,0.0792,6.018
ligando_048,7,-8.91,0.0709,6.214
ligando_048,8,-9.51,0.0632,5.618
ligando_048,9,-8.69,0.0609,6.439
ligando_048,10,-3.85,0.0546,5.153
ligando_049,1,-6.7,0.2996,6.104
ligando_049,2,-7.97,0.2404,5.141
ligando_049,3,-8.53,0.2017,5.423
ligando_049,4,-8.9,0.1956,5.279
ligando_049,5,-8.51,0.1806,5.353
ligando_049,6,-6.39,0.1718,5.091
ligando_049,7,-5.49,0.167,5.279
ligando_049,8,-5.74,0.1665,5.422
ligando_049,9,-8.8,0.1554,4.834
ligando_049,10,-7.99,0.123,4.813
ligando_050,1,-9.24,0.3679,6.332
ligando_050,2,-9.11,0.2744,6.158
ligando_050,3,-7.0,0.2327,5.344
ligando_050,4,-9.35,0.0771,5.669
ligando_050,5,-2.58,0.0694,4.283
ligando_050,6,-8.2,0.0347,3.967
ligando_050,7,-7.82,0.0276,5.015
ligando_050,8,-7.51,0.0221,4.477
ligando_050,9,-9.84,0.021,4.002
ligando_050,10,-8.15,0.0194,4.758
ligando_051,1,-8.18,0.3978,6.657
ligando_051,2,-10.09,0.3452,6.117
ligando_051,3,-10.86,0.233,5.959
ligando_051,4,-9.04,0.1743,5.991
ligando_051,5,-10.58,0.1584,5.182
ligando_051,6,-10.84,0.1253,5.218
ligando_051,7,-9.92,0.1105,5.767
ligando_051,8,-9.2,0.1097,5.714
ligando_051,9,-10.64,0.1039,5.216
ligando_051,10,-10.52,0.1017,5.244
ligando_052,1,-10.14,0.2785,6.302
ligando_052,2,-6.42,0.1036,5.838
ligando_052,3,-9.02,0.0978,5.889
ligando_052,4,-8.77,0.0858,5.598
ligando_052,5,-8.09,0.0738,5.513
ligando_052,6,-8.69,0.0675,4.859
ligando_052,7,-8.86,0.0589,5.003
ligando_052,8,-9.63,0.0572,5.125
ligando_052,9,-8.77,0.0571,5.275
ligando_052,10,-6.52,0.056,4.465
ligando_053,1,-7.4,0.2099,6.012
ligando_053,2,-9.25,0.1649,6.241
ligando_053,3,-9.06,0.1067,6.051
ligando_053,4,-8.35,0.0891,6.018
ligando_053,5,-8.25,0.0803,5.894
ligando_053,6,-9.26,0.0758,5.693
ligando_053,7,-6.61,0.0753,5.777
ligando_053,8,-9.72,0.0672,5.023
ligando_053,9,-8.43,0.0662,5.653
ligando_053,10,-7.77,0.045,5.553
ligando_054,1,-8.34,0.5892,6.417
ligando_054,2,-8.46,0.2643,5.753
ligando_054,3,-8.21,0.1747,5.487
ligando_054,4,-7.48,0.1343,5.67
ligando_054,5,-7.73,0.131,5.698
ligando_054,6,-8.07,0.1202,5.167
ligando_054,7,-8.59,0.1167,5.076
ligando_054,8,-7.18,0.1042,5.4
ligando_054,9,-7.34,0.1003,5.498
ligando_054,10,-8.78,0.0989,5.646
ligando_055,1,-9.77,0.1503,6.057
ligando_055,2,-9.43,0.1469,5.763
ligando_055,3,-9.04,0.1462,6.298
ligando_055,4,-8.91,0.1433,5.644
ligando_055,5,-8.62,0.1417,6.143
ligando_055,6,-9.38,0.1293,5.589
ligando_055,7,-9.59,0.1216,5.199
ligando_055,8,-9.76,0.1197,5.502
ligando_055,9,-8.74,0.1173,5.402
ligando_055,10,-7.77,0.1133,5.88
ligando_056,1,-8.34,0.4017,6.015
ligando_056,2,-8.28,0.3903,5.771
ligando_056,3,-7.64,0.3644,5.608
ligando_056,4,-8.56,0.3203,5.492
ligando_056,5,-8.25,0.2674,5.875
ligando_056,6,-8.55,0.1712,5.263
ligando_056,7,-8.18,0.1362,5.359
ligando_056,8,-7.69,0.0802,5.088
ligando_056,9,-8.14,0.0711,5.065
ligando_056,10,-8.01,0.0676,4.621
ligando_057,1,7.61,0.2579,5.234
ligando_057,2,-8.91,0.2109,5.608
ligando_057,3,-5.85,0.1754,5.311
ligando_057,4,-8.86,0.1414,5.24
ligando_057,5,-4.96,0.0777,5.122
ligando_057,6,-7.9,0.0684,5.253
ligando_057,7,-8.17,0.0644,5.104
ligando_057,8,-7.23,0.0585,5.029
ligando_057,9,-5.87,0.0578,4.722
ligando_057,10,-6.45,0.057,4.597
ligando_058,1,-8.24,0.4038,6.195
ligando_058,2,-7.62,0.2885,5.786
ligando_058,3,-7.69,0.2712,5.769
ligando_058,4,-7.19,0.2031,5.543
ligando_058,5,-7.26,0.1768,5.637
ligando_058,6,-7.19,0.17,4.919
ligando_058,7,-7.25,0.1663,5.522
ligando_058,8,-6.65,0.1367,4.622
ligando_058,9,-7.44,0.1311,5.397
ligando_058,10,-8.03,0.1276,5.338
ligando_059,1,-8.51,0.2029,6.148
ligando_059,2,-8.27,0.184,6.108
ligando_059,3,-8.17,0.1805,5.854
ligando_059,4,-9.22,0.1568,5.184
ligando_059,5,-9.05,0.1371,5.413
ligando_059,6,-8.62,0.128,5.675
ligando_059,7,-8.04,0.121,5.037
ligando_059,8,-8.58,0.1142,5.974
ligando_059,9,-8.31,0.1111,5.883
ligando_059,10,-7.85,0.0981,6.07
ligando_060,1,0.93,0.3161,6.188
ligando_060,2,-2.16,0.2296,6.259
ligando_060,3,-4.17,0.212,6.398
ligando_060,4,-8.56,0.1981,6.517
ligando_060,5,-3.95,0.1851,6.272
ligando_060,6,-8.25,0.185,6.454
ligando_060,7,-10.33,0.1565,6.816
ligando_060,8,-9.97,0.1123,6.328
ligando_060,9,-8.22,0.097,6.379
ligando_060,10,-7.77,0.0959,5.756
ligando_061,1,-9.21,0.5464,6.795
ligando_061,2,-7.81,0.3194,6.002
ligando_061,3,-8.4,0.177,6.046
ligando_061,4,-7.98,0.1333,5.9
ligando_061,5,-8.39,0.1285,5.911
ligando_061,6,-8.46,0.1254,5.46
ligando_061,7,-7.77,0.1063,5.566
ligando_061,8,-8.38,0.1061,5.155
ligando_061,9,31.66,0.101,5.066
ligando_061,10,-8.3,0.0919,5.678
ligando_062,1,-8.56,0.2502,6.723
ligando_062,2,-10.45,0.1699,6.073
ligando_062,3,-8.89,0.1606,6.521
ligando_062,4,-10.3,0.1246,4.737
ligando_062,5,-8.93,0.1209,5.641
ligando_062,6,-9.45,0.097,6.189
ligando_062,7,-8.4,0.091,5.542
ligando_062,8,-9.75,0.0859,5.419
ligando_062,9,-9.53,0.0714,5.953
ligando_062,10,-8.62,0.0677,5.248
ligando_063,1,-10.36,0.1711,5.861
ligando_063,2,-11.81,0.0837,5.787
ligando_063,3,-12.34,0.0731,5.687
ligando_063,4,-9.77,0.0666,5.867
ligando_063,5,-10.3,0.0644,5.711
ligando_063,6,-11.9,0.0499,4.705
ligando_063,7,-11.08,0.0487,5.489
ligando_063,8,-12.53,0.0387,4.75
ligando_063,9,-12.02,0.0385,4.534
ligando_063,10,-11.91,0.0385,5.038
ligando_064,1,-9.84,0.4579,7.221
ligando_064,2,-1.63,0.2183,5.345
ligando_064,3,-9.37,0.1557,6.589
ligando_064,4,-2.76,0.1525,5.046
ligando_064,5,-6.69,0.1349,5.521
ligando_064,6,-9.42,0.1172,6.493
ligando_064,7,-7.64,0.1101,6.014
ligando_064,8,-7.56,0.0911,5.901
ligando_064,9,-9.13,0.0904,5.652
ligando_064,10,-9.78,0.0868,5.92
ligando_065,1,-4.0,0.2261,5.133
ligando_065,2,-2.91,0.1451,5.81
ligando_065,3,6.57,0.1341,5.224
ligando_065,4,-8.7,0.1095,5.347
ligando_065,5,-8.38,0.0743,5.16
ligando_065,6,-9.66,0.074,4.947
ligando_065,7,-9.19,0.0709,4.725
ligando_065,8,-8.43,0.0655,5.115
ligando_065,9,-9.27,0.0641,5.238
ligando_065,10,-8.48,0.0622,4.789
ligando_066,1,-6.79,0.5972,5.25
ligando_066,2,-5.94,0.2647,4.536
ligando_066,3,-6.7,0.2608,4.574
ligando_066,4,-6.22,0.2492,4.654
ligando_066,5,-5.81,0.2269,4.321
ligando_066,6,-6.7,0.1865,4.195
ligando_066,7,-6.44,0.1646,4.359
ligando_066,8,-6.27,0.1634,4.105
ligando_066,9,-6.56,0.1314,3.719
ligando_066,10,-7.1,0.1272,3.671
ligando_067,1,-9.5,0.4625,6.832
ligando_067,2,103.82,0.3539,4.73
ligando_067,3,17.81,0.273,5.055
ligando_067,4,-7.86,0.2559,6.767
ligando_067,5,0.56,0.25,5.492
ligando_067,6,-1.9,0.1386,5.345
ligando_067,7,-7.68,0.1207,5.254
ligando_067,8,-9.21,0.1152,5.874
ligando_067,9,-8.97,0.1144,5.657
ligando_067,10,-2.23,0.1012,5.436
ligando_068,1,-6.98,0.7627,5.882
ligando_068,2,-6.6,0.5387,4.979
ligando_068,3,-6.79,0.4651,5.25
ligando_068,4,-6.7,0.3591,5.043
ligando_068,5,-7.12,0.2534,4.545
ligando_068,6,-7.15,0.2292,4.945
ligando_068,7,-6.24,0.2271,4.547
ligando_068,8,-6.34,0.1751,4.581
ligando_068,9,-7.15,0.1632,4.136
ligando_068,10,-5.95,0.0824,4.172
ligando_069,1,-8.73,0.3111,5.282
ligando_069,2,-7.72,0.2883,5.731
ligando_069,3,-8.41,0.273,5.437
ligando_069,4,-8.67,0.2457,5.541
ligando_069,5,-7.26,0.1981,5.562
ligando_069,6,-8.96,0.1457,4.642
ligando_069,7,-7.29,0.1389,5.337
ligando_069,8,-6.77,0.1373,5.355
ligando_069,9,-8.97,0.0951,4.731
ligando_069,10,-7.42,0.0801,5.379
ligando_070,1,-8.03,0.2373,5.993
ligando_070,2,-8.83,0.2054,5.786
ligando_070,3,-8.42,0.185,5.802
ligando_070,4,-8.96,0.1671,5.422
ligando_070,5,-8.34,0.1187,5.162
ligando_070,6,-8.55,0.1047,4.688
ligando_070,7,-7.25,0.1026,5.255
ligando_070,8,-8.52,0.0945,4.758
ligando_070,9,-7.87,0.0901,5.173
ligando_070,10,-8.33,0.0844,4.872
ligando_071,1,-9.91,0.3394,6.698
ligando_071,2,-9.24,0.2663,6.437
ligando_071,3,-10.31,0.1934,6.622
ligando_071,4,-10.29,0.174,6.602
ligando_071,5,-9.79,0.1491,6.407
ligando_071,6,-10.82,0.1188,6.258
ligando_071,7,-10.94,0.1156,6.427
ligando_071,8,-10.15,0.0891,5.591
ligando_071,9,-10.09,0.0844,6.16
ligando_071,10,-10.4,0.0734,6.268
ligando_072,1,-4.37,0.3008,6.632
ligando_072,2,-6.56,0.2889,5.744
ligando_072,3,1.73,0.2694,6.428
ligando_072,4,13.29,0.2655,5.958
ligando_072,5,2.06,0.2617,5.252
ligando_072,6,7.29,0.2073,6.417
ligando_072,7,28.31,0.195,6.164
ligando_072,8,1.2,0.1779,6.222
ligando_072,9,11.23,0.1744,6.366
ligando_072,10,-7.23,0.159,5.653
ligando_073,1,-8.43,0.4495,5.946
ligando_073,2,-7.98,0.2575,6.151
ligando_073,3,-8.59,0.2073,5.732
ligando_073,4,-8.02,0.1391,5.474
ligando_073,5,-7.14,0.1348,5.509
ligando_073,6,-6.64,0.1299,5.136
ligando_073,7,-7.66,0.1073,5.28
ligando_073,8,-7.61,0.088,4.454
ligando_073,9,-6.87,0.0838,5.652
ligando_073,10,-8.03,0.0777,5.276
ligando_074,1,-8.3,0.3225,7.154
ligando_074,2,-8.37,0.1686,6.481
ligando_074,3,-7.73,0.165,6.523
ligando_074,4,-8.75,0.1394,6.335
ligando_074,5,-8.22,0.1039,6.089
ligando_074,6,-10.05,0.0903,6.105
ligando_074,7,-8.61,0.0901,5.944
ligando_074,8,-7.43,0.0878,6.283
ligando_074,9,-8.23,0.0856,6.135
ligando_074,10,-8.65,0.0843,5.636
ligando_075,1,-9.25,0.3367,7.068
ligando_075,2,-9.59,0.2387,6.905
ligando_075,3,-10.06,0.1881,6.178
ligando_075,4,-10.23,0.1823,6.345
ligando_075,5,-9.53,0.1784,6.879
ligando_075,6,-9.79,0.1603,6.244
ligando_075,7,-9.43,0.1487,6.071
ligando_075,8,-9.93,0.1234,4.874
ligando_075,9,-10.11,0.1118,6.035
ligando_075,10,-10.08,0.1074,6.251
ligando_076,1,-9.87,0.1059,6.402
ligando_076,2,-8.63,0.0666,5.787
ligando_076,3,-8.71,0.0623,6.201
ligando_076,4,-8.62,0.0569,5.921
ligando_076,5,-9.35,0.0517,5.764
ligando_076,6,-8.62,0.0439,5.931
ligando_076,7,-7.95,0.041,5.576
ligando_076,8,-8.74,0.0399,5.954
ligando_076,9,-9.81,0.0386,4.835
ligando_076,10,-8.48,0.0354,5.728
ligando_077,1,-10.46,0.5122,6.786
ligando_077,2,-10.64,0.4407,6.766
ligando_077,3,-9.06,0.1566,6.642
ligando_077,4,-10.36,0.1258,5.887
ligando_077,5,-9.89,0.0973,5.975
ligando_077,6,-10.53,0.0823,5.458
ligando_077,7,-9.86,0.0777,4.989
ligando_077,8,-10.04,0.0633,5.635
ligando_077,9,-10.12,0.0598,5.554
ligando_077,10,-9.81,0.0566,4.949
ligando_078,1,-8.86,0.1319,5.287
ligando_078,2,-9.75,0.0812,4.859
ligando_078,3,-9.44,0.0783,4.726
ligando_078,4,-9.73,0.0696,5.182
ligando_078,5,-9.07,0.068,5.052
ligando_078,6,-7.11,0.0556,5.126
ligando_078,7,-7.37,0.0471,4.838
ligando_078,8,-8.14,0.0386,5.168
ligando_078,9,-9.41,0.0362,4.724
ligando_078,10,-8.33,0.0332,4.714
ligando_079,1,-9.74,0.4123,6.44
ligando_079,2,-9.72,0.1603,5.231
ligando_079,3,-8.92,0.16,5.245
ligando_079,4,-8.45,0.1566,5.416
ligando_079,5,-9.53,0.1533,4.659
ligando_079,6,-9.36,0.1215,4.596
ligando_079,7,-9.26,0.1192,4.874
ligando_079,8,-8.98,0.1129,4.604
ligando_079,9,-9.31,0.106,5.947
ligando_079,10,-8.83,0.1024,5.658
ligando_080,1,-8.26,0.3323,5.703
ligando_080,2,-9.84,0.2737,5.664
ligando_080,3,-8.94,0.1535,5.231
ligando_080,4,-9.29,0.135,4.655
ligando_080,5,-9.37,0.1112,4.813
ligando_080,6,-9.35,0.103,4.63
ligando_080,7,-9.53,0.0961,4.433
ligando_080,8,-9.44,0.0956,4.056
ligando_080,9,-8.21,0.0937,4.73
ligando_080,10,-7.96,0.091,4.755
ligando_081,1,-1.1,0.2365,5.447
ligando_081,2,-8.43,0.1737,5.32
ligando_081,3,-9.65,0.1405,4.964
ligando_081,4,-8.51,0.1231,5.958
ligando_081,5,-1.51,0.1223,5.165
ligando_081,6,-7.99,0.1164,5.408
ligando_081,7,-7.23,0.1078,5.296
ligando_081,8,-11.05,0.1071,5.438
ligando_081,9,-4.2,0.1036,5.254
ligando_081,10,-7.18,0.1025,5.23
ligando_082,1,-5.15,0.1788,6.18
ligando_082,2,-9.51,0.1665,6.043
ligando_082,3,-9.33,0.127,5.773
ligando_082,4,-10.42,0.1113,4.849
ligando_082,5,-4.51,0.1086,5.541
ligando_082,6,-10.49,0.0935,4.86
ligando_082,7,-8.33,0.0831,5.353
ligando_082,8,-9.0,0.0828,5.315
ligando_082,9,-8.05,0.0821,5.785
ligando_082,10,-8.76,0.0756,5.68
ligando_083,1,-11.15,0.6767,7.197
ligando_083,2,-10.63,0.6057,7.414
ligando_083,3,-10.67,0.4498,7.289
ligando_083,4,-12.09,0.3677,7.15
ligando_083,5,-12.1,0.2828,6.866
ligando_083,6,1.73,0.1216,6.394
ligando_083,7,-12.51,0.0976,6.58
ligando_083,8,-10.39,0.0749,5.861
ligando_083,9,-10.18,0.0616,4.977
ligando_083,10,-11.98,0.0522,5.415
ligando_084,1,-6.22,0.783,4.815
ligando_084,2,-6.42,0.6255,4.522
ligando_084,3,-6.52,0.4661,4.544
ligando_084,4,-6.26,0.4215,4.342
ligando_084,5,-5.83,0.365,4.467
ligando_084,6,-5.68,0.3127,4.353
ligando_084,7,-6.53,0.2962,4.38
ligando_084,8,-6.48,0.2757,4.301
ligando_084,9,-6.42,0.2252,4.855
ligando_084,10,-7.07,0.2226,3.982
ligando_085,1,-6.91,0.7921,5.398
ligando_085,2,-6.54,0.6825,5.467
ligando_085,3,-6.9,0.6805,4.843
ligando_085,4,-7.53,0.6014,5.133
ligando_085,5,-7.46,0.4693,4.903
ligando_085,6,-6.43,0.4092,4.824
ligando_085,7,-6.25,0.3293,4.7
ligando_085,8,-6.81,0.2613,4.358
ligando_085,9,-6.61,0.2044,4.244
ligando_085,10,-6.18,0.1985,4.305
ligando_086,1,-1.75,0.708,5.29
ligando_086,2,-4.44,0.3239,4.848
ligando_086,3,-9.06,0.315,5.478
ligando_086,4,-9.33,0.2544,5.462
ligando_086,5,-5.54,0.2395,4.599
ligando_086,6,-7.64,0.2328,5.821
ligando_086,7,-8.02,0.2327,5.509
ligando_086,8,-7.45,0.2013,5.492
ligando_086,9,0.64,0.1549,4.967
ligando_086,10,-1.79,0.1515,4.964
ligando_087,1,-6.38,0.4752,5.407
ligando_087,2,-6.96,0.3782,5.173
ligando_087,3,-6.33,0.1506,4.803
ligando_087,4,-7.03,0.1401,4.416
ligando_087,5,-6.03,0.1333,5.199
ligando_087,6,-7.17,0.113,4.759
ligando_087,7,-6.85,0.0945,3.816
ligando_087,8,-6.1,0.0871,4.429
ligando_087,9,-6.52,0.0805,4.66
ligando_087,10,-6.59,0.0762,4.561
ligando_088,1,-6.84,0.4891,6.164
ligando_088,2,-7.55,0.4885,6.117
ligando_088,3,-6.68,0.3535,5.887
ligando_088,4,-6.42,0.3391,5.865
ligando_088,5,102.09,0.1876,4.449
ligando_088,6,-0.77,0.1837,4.947
ligando_088,7,-7.25,0.181,5.642
ligando_088,8,-6.77,0.1676,5.471
ligando_088,9,-7.95,0.118,4.968
ligando_088,10,-4.94,0.1142,4.815
ligando_089,1,-9.04,0.2571,6.35
ligando_089,2,-9.43,0.2404,6.128
ligando_089,3,-8.94,0.2223,6.089
ligando_089,4,-8.47,0.1632,6.329
ligando_089,5,-9.3,0.1415,6.073
ligando_089,6,-8.19,0.1352,5.629
ligando_089,7,-7.64,0.1289,5.3
ligando_089,8,-8.88,0.1256,5.202
ligando_089,9,-8.79,0.1141,6.014
ligando_089,10,-8.66,0.1094,5.91
ligando_090,1,-11.38,0.4139,7.123
ligando_090,2,-11.55,0.384,7.007
ligando_090,3,-11.32,0.283,6.864
ligando_090,4,-6.23,0.1238,6.485
ligando_090,5,-4.53,0.0489,4.534
ligando_090,6,-7.94,0.0481,5.409
ligando_090,7,-6.07,0.0432,4.593
ligando_090,8,-6.62,0.0385,5.689
ligando_090,9,-6.69,0.034,5.613
ligando_090,10,-8.6,0.0322,4.833
ligando_091,1,-8.23,0.2003,5.676
ligando_091,2,-9.42,0.0773,5.177
ligando_091,3,-7.55,0.0449,5.035
ligando_091,4,-7.64,0.0386,4.855
ligando_091,5,-8.08,0.0277,4.524
ligando_091,6,-8.09,0.0268,4.892
ligando_091,7,-8.99,0.0229,4.957
ligando_091,8,-0.91,0.0221,4.15
ligando_091,9,-6.79,0.0214,4.482
ligando_091,10,-7.33,0.0207,3.927
ligando_092,1,-7.36,0.1917,5.706
ligando_092,2,-7.85,0.1713,5.521
ligando_092,3,-8.02,0.1586,5.315
ligando_092,4,-8.43,0.1385,5.92
ligando_092,5,-7.68,0.1291,5.576
ligando_092,6,-8.45,0.1264,5.643
ligando_092,7,-7.98,0.1201,5.347
ligando_092,8,-8.48,0.1193,5.773
ligando_092,9,-7.27,0.1179,5.068
ligando_092,10,-7.44,0.1052,4.711
ligando_093,1,-5.89,0.5337,5.164
ligando_093,2,-6.12,0.3499,5.003
ligando_093,3,-5.77,0.3301,4.819
ligando_093,4,-6.03,0.3139,5.062
ligando_093,5,-5.58,0.2977,4.805
ligando_093,6,-6.24,0.2375,4.282
ligando_093,7,-5.47,0.2084,4.659
ligando_093,8,-5.6,0.1548,4.402
ligando_093,9,-5.57,0.1469,4.041
ligando_093,10,-5.96,0.1322,4.327
ligando_094,1,-8.55,0.7209,6.835
ligando_094,2,-9.38,0.5949,6.763
ligando_094,3,-9.48,0.4283,6.472
ligando_094,4,-9.49,0.2763,6.215
ligando_094,5,-9.73,0.2112,5.31
ligando_094,6,-8.99,0.1959,5.72
ligando_094,7,-8.2,0.1851,5.184
ligando_094,8,-9.34,0.1718,6.19
ligando_094,9,-8.85,0.1673,5.866
ligando_094,10,-9.61,0.1662,5.85
ligando_095,1,-2.48,0.3586,6.557
ligando_095,2,-6.9,0.3024,6.023
ligando_095,3,-7.98,0.2911,6.395
ligando_095,4,-8.44,0.1664,6.097
ligando_095,5,-5.84,0.1637,6.169
ligando_095,6,-8.79,0.1593,5.754
ligando_095,7,-7.9,0.1458,5.806
ligando_095,8,-4.43,0.1392,5.933
ligando_095,9,79.67,0.1381,4.943
ligando_095,10,-7.76,0.1103,6.28
ligando_096,1,-6.12,0.4387,6.826
ligando_096,2,-7.27,0.1961,6.602
ligando_096,3,-8.24,0.1902,7.185
ligando_096,4,-8.28,0.1661,6.261
ligando_096,5,-7.07,0.1365,6.128
ligando_096,6,-8.65,0.1245,5.477
ligando_096,7,-6.66,0.1217,5.837
ligando_096,8,-8.69,0.1213,6.04
ligando_096,9,-6.64,0.1174,5.848
ligando_096,10,-8.59,0.0976,5.061
ligando_097,1,-10.87,0.6344,7.365
ligando_097,2,-10.57,0.4913,7.147
ligando_097,3,-10.5,0.477,7.35
ligando_097,4,-9.49,0.178,6.845
ligando_097,5,-9.74,0.1489,6.743
ligando_097,6,-7.9,0.1468,6.771
ligando_097,7,-10.14,0.1352,6.409
ligando_097,8,-9.14,0.1008,6.582
ligando_097,9,-9.43,0.0831,5.735
ligando_097,10,-9.9,0.0749,6.46
ligando_098,1,-9.84,0.1968,6.496
ligando_098,2,9.06,0.1035,5.655
ligando_098,3,-10.37,0.0806,6.231
ligando_098,4,-10.06,0.0775,6.061
ligando_098,5,-9.69,0.0703,6.258
ligando_098,6,-9.17,0.0619,5.295
ligando_098,7,-10.58,0.0574,5.896
ligando_098,8,-3.78,0.0482,5.321
ligando_098,9,6.01,0.0465,5.62
ligando_098,10,-9.48,0.0432,6.36
ligando_099,1,-8.44,0.1104,5.76
ligando_099,2,-7.68,0.0755,5.582
ligando_099,3,-8.07,0.0753,4.792
ligando_099,4,-9.08,0.0686,5.04
ligando_099,5,-8.17,0.0672,4.975
ligando_099,6,-7.4,0.0653,5.153
ligando_099,7,-6.95,0.0652,5.036
ligando_099,8,-9.48,0.0641,5.535
ligando_099,9,-8.37,0.0589,4.9
ligando_099,10,-8.66,0.0569,5.14
ligando_100,1,-11.83,0.1984,6.621
ligando_100,2,-7.65,0.0799,6.618
ligando_100,3,-9.88,0.0632,5.981
ligando_100,4,-10.87,0.0519,6.91
ligando_100,5,-11.07,0.0503,5.589
ligando_100,6,-8.42,0.0503,6.401
ligando_100,7,-9.91,0.0409,5.75
ligando_100,8,-10.61,0.0383,5.311
ligando_100,9,-8.21,0.0364,6.6
ligando_100,10,-10.89,0.0318,5.991
ligando_101,1,-7.89,0.5801,6.223
ligando_101,2,-7.26,0.1777,5.359
ligando_101,3,-7.47,0.1714,5.614
ligando_101,4,-6.96,0.1349,5.481
ligando_101,5,-7.16,0.1335,5.246
ligando_101,6,-7.09,0.1098,4.893
ligando_101,7,-7.11,0.1036,5.396
ligando_101,8,-6.96,0.1018,4.934
ligando_101,9,-7.29,0.0853,5.28
ligando_101,10,-6.59,0.07,4.805
ligando_102,1,21.86,0.5803,6.233
ligando_102,2,-10.18,0.2783,6.307
ligando_102,3,-9.76,0.1805,5.908
ligando_102,4,7.62,0.0922,5.185
ligando_102,5,17.74,0.0909,4.845
ligando_102,6,-9.51,0.0306,5.164
ligando_102,7,-9.49,0.0285,5.585
ligando_102,8,-2.73,0.0252,4.949
ligando_102,9,-5.84,0.0225,4.227
ligando_102,10,-7.98,0.0211,4.769
ligando_103,1,-9.08,0.3553,6.582
ligando_103,2,-10.62,0.2847,6.428
ligando_103,3,-7.77,0.1967,5.779
ligando_103,4,-10.25,0.1688,6.307
ligando_103,5,-9.59,0.1559,6.283
ligando_103,6,-8.43,0.1551,6.125
ligando_103,7,-8.12,0.1212,4.672
ligando_103,8,-7.46,0.12,6.182
ligando_103,9,-9.58,0.093,5.615
ligando_103,10,-8.8,0.089,4.798
ligando_104,1,11.53,0.3733,6.017
ligando_104,2,-9.64,0.2637,6.726
ligando_104,3,-9.06,0.2586,6.564
ligando_104,4,-8.32,0.2375,6.79
ligando_104,5,-5.62,0.1576,6.483
ligando_104,6,-7.84,0.1083,6.241
ligando_104,7,-6.02,0.0854,6.206
ligando_104,8,-8.76,0.085,6.205
ligando_104,9,-7.56,0.0841,6.232
ligando_104,10,-6.64,0.0834,6.15
ligando_105,1,-7.81,0.1944,5.188
ligando_105,2,-8.83,0.1755,5.168
ligando_105,3,-8.08,0.1282,4.942
ligando_105,4,-8.3,0.1274,5.197
ligando_105,5,-8.08,0.1109,4.888
ligando_105,6,-8.24,0.1097,4.006
ligando_105,7,-8.21,0.1072,4.464
ligando_105,8,-8.7,0.1067,4.646
ligando_105,9,-7.85,0.1053,4.453
ligando_105,10,-8.02,0.1005,3.965
ligando_106,1,-7.8,0.2335,5.721
ligando_106,2,-8.57,0.2099,5.091
ligando_106,3,-9.29,0.1746,5.838
ligando_106,4,-8.37,0.1689,5.243
ligando_106,5,-8.87,0.1546,4.684
ligando_106,6,-8.32,0.1471,5.023
ligando_106,7,-8.14,0.1426,4.701
ligando_106,8,-7.58,0.1288,4.838
ligando_106,9,-7.93,0.1221,5.375
ligando_106,10,-7.79,0.1174,5.028
ligando_107,1,-7.54,0.3423,5.502
ligando_107,2,-9.41,0.2757,5.53
ligando_107,3,-9.75,0.2709,6.046
ligando_107,4,6.35,0.2092,5.41
ligando_107,5,-10.3,0.1985,5.09
ligando_107,6,-8.74,0.1872,5.811
ligando_107,7,-10.02,0.1738,4.985
ligando_107,8,-9.42,0.1492,5.588
ligando_107,9,-3.4,0.1344,4.88
ligando_107,10,-8.1,0.1135,4.979
ligando_108,1,-9.02,0.2892,5.761
ligando_108,2,-9.56,0.272,5.886
ligando_108,3,-8.99,0.1947,5.436
ligando_108,4,-9.61,0.1767,5.845
ligando_108,5,-10.32,0.1706,5.727
ligando_108,6,-10.26,0.1123,5.565
ligando_108,7,-10.21,0.1049,5.579
ligando_108,8,-8.14,0.0696,5.467
ligando_108,9,-8.93,0.0603,4.842
ligando_108,10,-7.87,0.0504,4.737
ligando_109,1,-8.63,0.2861,6.185
ligando_109,2,-5.73,0.1207,5.856
ligando_109,3,-7.21,0.1197,5.958
ligando_109,4,-8.79,0.1187,5.953
ligando_109,5,-6.83,0.0825,5.82
ligando_109,6,-9.16,0.0682,5.826
ligando_109,7,-9.67,0.068,6.065
ligando_109,8,-4.13,0.049,5.168
ligando_109,9,-11.27,0.0479,5.864
ligando_109,10,-11.3,0.0474,5.851
ligando_110,1,-7.79,0.2419,7.131
ligando_110,2,-9.09,0.2111,6.658
ligando_110,3,-11.51,0.1424,6.504
ligando_110,4,-11.04,0.1335,6.705
ligando_110,5,-6.98,0.072,5.399
ligando_110,6,1.86,0.0669,5.94
ligando_110,7,2.27,0.0604,5.672
ligando_110,8,-8.8,0.0515,5.864
ligando_110,9,1.83,0.0495,5.49
ligando_110,10,-11.46,0.0467,6.087
ligando_111,1,-7.55,0.5744,6.344
ligando_111,2,-7.32,0.3999,6.376
ligando_111,3,-7.26,0.2188,5.75
ligando_111,4,-7.34,0.1453,5.582
ligando_111,5,-7.64,0.113,5.701
ligando_111,6,-7.95,0.1048,4.877
ligando_111,7,-7.75,0.1015,4.647
ligando_111,8,-8.04,0.0964,5.223
ligando_111,9,-6.88,0.0961,5.933
ligando_111,10,-8.42,0.0934,4.732
ligando_112,1,-8.48,0.6391,6.584
ligando_112,2,-10.11,0.4613,6.514
ligando_112,3,-8.63,0.1482,6.287
ligando_112,4,-9.14,0.103,6.224
ligando_112,5,-8.03,0.0621,5.742
ligando_112,6,-8.1,0.0578,4.89
ligando_112,7,-9.91,0.0568,5.799
ligando_112,8,-9.95,0.0513,5.635
ligando_112,9,-9.68,0.0505,5.947
ligando_112,10,-8.49,0.0462,5.386
ligando_113,1,-10.8,0.3829,6.456
ligando_113,2,-9.13,0.2858,6.358
ligando_113,3,-9.97,0.2506,6.534
ligando_113,4,-10.3,0.1462,6.062
ligando_113,5,-9.55,0.1306,6.246
ligando_113,6,-10.11,0.1164,5.596
ligando_113,7,-7.64,0.1122,6.224
ligando_113,8,-9.55,0.1086,5.581
ligando_113,9,-10.05,0.0928,5.491
ligando_113,10,-5.29,0.0869,5.851
ligando_114,1,-8.43,0.4774,6.621
ligando_114,2,-8.47,0.3157,6.305
ligando_114,3,-7.0,0.2483,5.92
ligando_114,4,-8.24,0.1994,5.618
ligando_114,5,-6.88,0.175,6.337
ligando_114,6,-9.07,0.1542,5.517
ligando_114,7,-6.45,0.1392,5.839
ligando_114,8,-7.25,0.1318,6.205
ligando_114,9,-6.71,0.1248,5.719
ligando_114,10,-8.57,0.1181,5.5
ligando_115,1,5.79,0.2915,5.531
ligando_115,2,1.83,0.2312,5.8
ligando_115,3,-9.79,0.1829,6.033
ligando_115,4,-1.89,0.1488,4.814
ligando_115,5,-9.63,0.1406,6.15
ligando_115,6,-7.3,0.1153,5.739
ligando_115,7,-8.67,0.0979,6.114
ligando_115,8,-8.82,0.0818,5.345
ligando_115,9,-5.72,0.0497,4.773
ligando_115,10,-8.49,0.044,5.0
ligando_116,1,-5.58,0.5087,4.783
ligando_116,2,-5.53,0.4682,4.141
ligando_116,3,-5.26,0.3143,4.371
ligando_116,4,-5.58,0.2865,3.886
ligando_116,5,-5.7,0.2634,3.771
ligando_116,6,-5.38,0.2457,3.723
ligando_116,7,-5.59,0.227,4.294
ligando_116,8,-5.51,0.2091,4.148
ligando_116,9,-5.67,0.1447,3.476
ligando_116,10,-5.28,0.1281,3.956
ligando_117,1,-7.21,0.6685,5.819
ligando_117,2,-7.53,0.4813,5.724
ligando_117,3,-6.99,0.187,5.202
ligando_117,4,-7.05,0.1844,5.053
ligando_117,5,-6.91,0.1717,5.545
ligando_117,6,-8.17,0.1645,5.095
ligando_117,7,-8.15,0.1445,5.055
ligando_117,8,-7.26,0.1278,5.034
ligando_117,9,-7.53,0.0612,4.655
ligando_117,10,-7.19,0.0571,4.223
