,Residue,Residue_number,Interaction,PDB,Conservation,Classification
9,GLY,863,Hydrogen bond,14,100.0,Obligatory
27,TYR,907,Pi stacking,13,92.86,Obligatory
23,TYR,896,Hydrophobic interaction,12,85.71,Recommended
26,TYR,907,Hydrophobic interaction,10,71.43,Recommended
20,TYR,889,Hydrophobic interaction,8,57.14,Optional
0,ALA,898,Hydrophobic interaction,8,57.14,Optional
8,GLU,988,Hydrophobic interaction,7,50.0,Optional
15,LEU,769,Hydrophobic interaction,5,35.71,Optional
24,TYR,896,Pi stacking,3,21.43,Optional
2,ARG,878,Hydrogen bond,3,21.43,Optional
11,GLY,888,Hydrogen bond,2,14.29,Optional
10,GLY,876,Hydrogen bond,2,14.29,Optional
17,SER,864,Hydrogen bond,2,14.29,Optional
22,TYR,896,Hydrogen bond,2,14.29,Optional
13,HIS,862,Pi stacking,2,14.29,Optional
12,HIS,862,Hydrogen bond,2,14.29,Optional
5,ASP,766,Hydrophobic interaction,2,14.29,Optional
1,ARG,865,Hydrophobic interaction,1,7.14,Optional
7,GLU,988,Hydrogen bond,1,7.14,Optional
3,ARG,878,Hydrophobic interaction,1,7.14,Optional
6,GLU,763,Hydrogen bond,1,7.14,Optional
4,ASN,868,Hydrogen bond,1,7.14,Optional
16,MET,890,Hydrogen bond,1,7.14,Optional
14,ILE,879,Hydrogen bond,1,7.14,Optional
19,TYR,889,Hydrogen bond,1,7.14,Optional
18,THR,887,Hydrophobic interaction,1,7.14,Optional
21,TYR,889,Pi stacking,1,7.14,Optional
25,TYR,907,Hydrogen bond,1,7.14,Optional
