Interaction,Residue,Residue_number,Feature,PDB,x,y,z,Std_x,Std_y,Std_z,Vector_x,Vector_y,Vector_z,Mean_distance,Radius,Conservation,Classification
Hydrogen bond,GLY,863,HBD,6,13.588,43.338,5.593,0.177,0.23,0.337,0.638,-0.035,0.769,2.92,0.445,1.0,Obligatory
Hydrogen bond,GLY,863,HBA,6,14.976,44.86,4.775,0.116,0.158,0.223,0.62,-0.287,0.73,2.852,0.297,1.0,Obligatory
Pi stacking,TYR,907,Aromatic,6,14.671,42.225,7.373,1.219,0.741,1.055,-0.33,0.676,0.659,3.807,1.774,1.0,Obligatory
Hydrophobic interaction,TYR,896,Hydrophobic,5,14.707,41.61,8.927,1.788,1.218,1.341,0.017,-0.688,-0.726,3.607,2.545,0.83,Recommended
Hydrophobic interaction,TYR,907,Hydrophobic,5,15.076,41.54,7.671,1.234,2.29,1.003,-0.316,0.514,0.797,3.661,2.788,0.83,Recommended
Hydrophobic interaction,TYR,889,Hydrophobic,4,13.348,39.246,11.268,0.732,1.016,0.47,0.486,0.219,-0.846,3.868,1.338,0.67,Recommended
Hydrophobic interaction,ALA,898,Hydrophobic,3,16.847,44.389,6.672,0.135,0.099,0.118,-0.717,-0.615,0.328,3.853,0.204,0.5,Optional
Pi stacking,TYR,896,Aromatic,3,13.457,39.371,10.175,0.689,1.247,0.336,-0.372,-0.686,-0.625,4.843,1.464,0.5,Optional
Hydrophobic interaction,GLU,988,Hydrophobic,3,17.858,43.368,8.318,0.142,0.687,0.46,-0.67,-0.442,-0.596,3.847,0.839,0.5,Optional
Hydrogen bond,ARG,878,HBA,2,2.519,42.647,10.828,2.977,0.664,0.555,0.362,-0.908,0.21,3.515,3.1,0.33,Optional
Hydrophobic interaction,LEU,769,Hydrophobic,2,3.108,41.242,10.56,0.655,0.641,1.455,0.785,0.619,-0.03,3.695,1.72,0.33,Optional
Hydrogen bond,GLU,763,HBD,1,11.691,35.786,11.321,,,,-0.326,0.524,0.787,2.77,1.0,0.17,Optional
Hydrophobic interaction,ASP,766,Hydrophobic,1,4.808,40.793,10.83,,,,-0.335,0.853,0.401,3.9,1.0,0.17,Optional
Hydrogen bond,TYR,896,HBA,1,11.094,44.085,9.958,,,,-0.631,-0.646,-0.429,2.81,1.0,0.17,Optional
Hydrogen bond,ILE,879,HBD,1,1.733,42.209,13.053,,,,-0.729,-0.242,-0.64,2.86,1.0,0.17,Optional
Pi stacking,TYR,889,Aromatic,1,14.215,38.202,10.901,,,,0.636,-0.102,-0.765,4.89,1.0,0.17,Optional
